time_utc_iso,twl_ft_mllw,tide_ft_mllw,surge_ft,src_time
2026-03-15T00:00:00.000Z,0.17,0.25,0.1,202603150000
2026-03-15T01:00:00.000Z,0.078,0.242,0.1,202603150100
2026-03-15T02:00:00.000Z,-0.049,0.21,0.1,202603150200
2026-03-15T03:00:00.000Z,-0.16,0.166,0.1,202603150300
2026-03-15T04:00:00.000Z,-0.268,0.122,0.1,202603150400
2026-03-15T05:00:00.000Z,-0.37,0.083,0,202603150500
2026-03-15T06:00:00.000Z,-0.298,0.053,0,202603150600
2026-03-15T07:00:00.000Z,-0.2,0.049,0,202603150700
2026-03-15T08:00:00.000Z,-0.098,0.086,0,202603150800
2026-03-15T09:00:00.000Z,0.059,0.153,0,202603150900
2026-03-15T10:00:00.000Z,0.259,0.219,0,202603151000
2026-03-15T11:00:00.000Z,0.439,0.269,0,202603151100
2026-03-15T12:00:00.000Z,0.57,0.299,0,202603151200
2026-03-15T13:00:00.000Z,0.619,0.3,0,202603151300
2026-03-15T14:00:00.000Z,0.478,0.269,0,202603151400
2026-03-15T15:00:00.000Z,0.341,0.216,0,202603151500
2026-03-15T16:00:00.000Z,0.2,0.156,0,202603151600
2026-03-15T17:00:00.000Z,0.078,0.098,0,202603151700
2026-03-15T18:00:00.000Z,-0.049,0.046,0,202603151800
2026-03-15T19:00:00.000Z,-0.098,0.017,0,202603151900
2026-03-15T20:00:00.000Z,0.019,0.027,0,202603152000
2026-03-15T21:00:00.000Z,0.111,0.081,0,202603152100
2026-03-15T22:00:00.000Z,0.239,0.152,0.1,202603152200
2026-03-15T23:00:00.000Z,0.4,0.214,0.1,202603152300
2026-03-16T00:00:00.000Z,0.541,0.258,0.3,202603160000
2026-03-16T01:00:00.000Z,0.619,0.276,0.3,202603160100
2026-03-16T02:00:00.000Z,0.551,0.261,0.3,202603160200
2026-03-16T03:00:00.000Z,0.439,0.218,0.3,202603160300
2026-03-16T04:00:00.000Z,0.36,0.163,0.3,202603160400
2026-03-16T05:00:00.000Z,0.239,0.108,0.4,202603160500
2026-03-16T06:00:00.000Z,0.229,0.06,0.4,202603160600
2026-03-16T07:00:00.000Z,0.298,0.028,0.4,202603160700
2026-03-16T08:00:00.000Z,0.409,0.031,0.5,202603160800
2026-03-16T09:00:00.000Z,0.61,0.08,0.5,202603160900
2026-03-16T10:00:00.000Z,0.879,0.159,0.5,202603161000
2026-03-16T11:00:00.000Z,1.17,0.235,0.5,202603161100
2026-03-16T12:00:00.000Z,1.4,0.292,0.5,202603161200
2026-03-16T13:00:00.000Z,1.508,0.322,0.5,202603161300
2026-03-16T14:00:00.000Z,1.42,0.316,0.5,202603161400
2026-03-16T15:00:00.000Z,1.289,0.273,0.6,202603161500
2026-03-16T16:00:00.000Z,1.098,0.207,0.6,202603161600
2026-03-16T17:00:00.000Z,0.941,0.136,0.6,202603161700
2026-03-16T18:00:00.000Z,0.81,0.069,0.6,202603161800
2026-03-16T19:00:00.000Z,0.718,0.017,0.6,202603161900
2026-03-16T20:00:00.000Z,0.688,-0.005,0.6,202603162000
2026-03-16T21:00:00.000Z,0.859,0.021,0.6,202603162100
2026-03-16T22:00:00.000Z,1.059,0.092,0.6,202603162200
2026-03-16T23:00:00.000Z,1.318,0.176,0.6,202603162300
2026-03-17T00:00:00.000Z,1.518,0.246,0.6,202603170000
2026-03-17T01:00:00.000Z,1.59,0.293,0.6,202603170100
2026-03-17T02:00:00.000Z,1.43,0.304,0.6,202603170200
2026-03-17T03:00:00.000Z,1.308,0.275,0.5,202603170300
2026-03-17T04:00:00.000Z,1.118,0.218,0.5,202603170400
2026-03-17T05:00:00.000Z,1.088,0.15,0.5,202603170500
2026-03-17T06:00:00.000Z,1.069,0.085,0.4,202603170600
2026-03-17T07:00:00.000Z,0.928,0.032,0.4,202603170700
2026-03-17T08:00:00.000Z,0.819,0.002,0.3,202603170800
2026-03-17T09:00:00.000Z,0.741,0.016,0.3,202603170900
2026-03-17T10:00:00.000Z,0.77,0.081,0.2,202603171000
2026-03-17T11:00:00.000Z,0.859,0.173,0.2,202603171100
2026-03-17T12:00:00.000Z,1.02,0.258,0.2,202603171200
2026-03-17T13:00:00.000Z,1.098,0.318,0.2,202603171300
2026-03-17T14:00:00.000Z,1.029,0.343,0.1,202603171400
2026-03-17T15:00:00.000Z,0.859,0.323,0.1,202603171500
2026-03-17T16:00:00.000Z,0.731,0.265,0.1,202603171600
2026-03-17T17:00:00.000Z,0.6,0.187,0,202603171700
2026-03-17T18:00:00.000Z,0.38,0.107,0,202603171800
2026-03-17T19:00:00.000Z,0.2,0.037,0,202603171900
2026-03-17T20:00:00.000Z,0.078,-0.011,0,202603172000
2026-03-17T21:00:00.000Z,-0.009,-0.02,0,202603172100
2026-03-17T22:00:00.000Z,0.078,0.025,0,202603172200
2026-03-17T23:00:00.000Z,0.2,0.115,0,202603172300
2026-03-18T00:00:00.000Z,0.288,0.212,0,202603180000
2026-03-18T01:00:00.000Z,0.39,0.288,-0.1,202603180100
2026-03-18T02:00:00.000Z,0.35,0.329,-0.1,202603180200
2026-03-18T03:00:00.000Z,0.209,0.326,-0.1,202603180300
2026-03-18T04:00:00.000Z,0.088,0.28,-0.1,202603180400
2026-03-18T05:00:00.000Z,-0.098,0.208,-0.1,202603180500
2026-03-18T06:00:00.000Z,-0.219,0.13,-0.2,202603180600
2026-03-18T07:00:00.000Z,-0.36,0.059,-0.3,202603180700
2026-03-18T08:00:00.000Z,-0.531,0.004,-0.3,202603180800
2026-03-18T09:00:00.000Z,-0.57,-0.018,-0.3,202603180900
2026-03-18T10:00:00.000Z,-0.409,0.008,-0.3,202603181000
2026-03-18T11:00:00.000Z,-0.249,0.09,-0.3,202603181100
2026-03-18T12:00:00.000Z,-0.088,0.195,-0.4,202603181200
2026-03-18T13:00:00.000Z,0.059,0.285,-0.4,202603181300
2026-03-18T14:00:00.000Z,0.239,0.342,-0.4,202603181400
2026-03-18T15:00:00.000Z,0.268,0.353,-0.4,202603181500
2026-03-18T16:00:00.000Z,0.111,0.317,-0.4,202603181600
2026-03-18T17:00:00.000Z,-0.078,0.245,-0.4,202603181700
2026-03-18T18:00:00.000Z,-0.239,0.158,-0.4,202603181800
2026-03-18T19:00:00.000Z,-0.37,0.075,-0.4,202603181900
2026-03-18T20:00:00.000Z,-0.488,0.007,-0.4,202603182000
2026-03-18T21:00:00.000Z,-0.56,-0.032,-0.4,202603182100
2026-03-18T22:00:00.000Z,-0.37,-0.025,-0.4,202603182200
2026-03-18T23:00:00.000Z,-0.219,0.042,-0.4,202603182300
2026-03-19T00:00:00.000Z,0.019,0.152,-0.1,202603190000
2026-03-19T01:00:00.000Z,0.278,0.258,-0.1,202603190100
2026-03-19T02:00:00.000Z,0.478,0.33,-0.1,202603190200
2026-03-19T03:00:00.000Z,0.58,0.358,-0.1,202603190300
2026-03-19T04:00:00.000Z,0.429,0.337,-0.1,202603190400
2026-03-19T05:00:00.000Z,0.331,0.275,-0.1,202603190500
2026-03-19T06:00:00.000Z,0.19,0.192,0,202603190600
2026-03-19T07:00:00.000Z,0.098,0.106,0,202603190700
2026-03-19T08:00:00.000Z,-0.059,0.033,0,202603190800
2026-03-19T09:00:00.000Z,-0.131,-0.018,0.1,202603190900
2026-03-19T10:00:00.000Z,-0.009,-0.033,0.1,202603191000
2026-03-19T11:00:00.000Z,0.141,0.01,0.1,202603191100
2026-03-19T12:00:00.000Z,0.341,0.108,0.1,202603191200
2026-03-19T13:00:00.000Z,0.541,0.222,0.1,202603191300
2026-03-19T14:00:00.000Z,0.79,0.309,0.2,202603191400
2026-03-19T15:00:00.000Z,0.879,0.354,0.2,202603191500
2026-03-19T16:00:00.000Z,0.78,0.35,0.2,202603191600
2026-03-19T17:00:00.000Z,0.649,0.299,0.2,202603191700
2026-03-19T18:00:00.000Z,0.478,0.217,0.3,202603191800
2026-03-19T19:00:00.000Z,0.321,0.126,0.3,202603191900
2026-03-19T20:00:00.000Z,0.19,0.044,0.3,202603192000
2026-03-19T21:00:00.000Z,0.039,-0.017,0.3,202603192100
2026-03-19T22:00:00.000Z,0.078,-0.045,0.3,202603192200
2026-03-19T23:00:00.000Z,0.268,-0.017,0.3,202603192300
2026-03-20T00:00:00.000Z,0.429,0.074,0.3,202603200000
2026-03-20T01:00:00.000Z,0.688,0.198,0.3,202603200100
2026-03-20T02:00:00.000Z,0.928,0.303,0.3,202603200200
2026-03-20T03:00:00.000Z,1.079,0.363,0.3,202603200300
2026-03-20T04:00:00.000Z,1.02,0.374,0.3,202603200400
2026-03-20T05:00:00.000Z,0.918,0.337,0.3,202603200500
2026-03-20T06:00:00.000Z,0.831,0.263,0.3,202603200600
2026-03-20T07:00:00.000Z,0.726,0.172,0.3,202603200700
2026-03-20T08:00:00.000Z,0.625,0.084,0.3,202603200800
2026-03-20T09:00:00.000Z,0.539,0.012,0.3,202603200900
2026-03-20T10:00:00.000Z,0.479,-0.035,0.3,202603201000
2026-03-20T11:00:00.000Z,0.463,-0.037,0.3,202603201100
2026-03-20T12:00:00.000Z,0.51,0.023,0.3,202603201200
2026-03-20T13:00:00.000Z,0.607,0.134,0.3,202603201300
2026-03-20T14:00:00.000Z,0.706,0.246,0.3,202603201400
2026-03-20T15:00:00.000Z,0.77,0.323,0.3,202603201500
2026-03-20T16:00:00.000Z,0.786,0.353,0.3,202603201600
2026-03-20T17:00:00.000Z,0.755,0.335,0.3,202603201700
2026-03-20T18:00:00.000Z,0.694,0.274,0.3,202603201800
2026-03-20T19:00:00.000Z,0.607,0.187,0.3,202603201900
2026-03-20T20:00:00.000Z,0.517,0.097,0.3,202603202000
2026-03-20T21:00:00.000Z,0.439,0.019,0.3,202603202100
2026-03-20T22:00:00.000Z,0.387,-0.033,0.3,202603202200
2026-03-20T23:00:00.000Z,0.375,-0.045,0.3,202603202300
2026-03-21T00:00:00.000Z,0.425,0.005,0.3,202603210000
2026-03-21T01:00:00.000Z,0.536,0.116,0.3,202603210100
2026-03-21T02:00:00.000Z,0.663,0.243,0.3,202603210200
2026-03-21T03:00:00.000Z,0.756,0.336,0.3,202603210300
2026-03-21T04:00:00.000Z,0.701,0.381,0.2,202603210400
2026-03-21T05:00:00.000Z,0.697,0.377,0.2,202603210500
2026-03-21T06:00:00.000Z,0.648,0.328,0.2,202603210600
2026-03-21T07:00:00.000Z,0.567,0.247,0.2,202603210700
2026-03-21T08:00:00.000Z,0.474,0.154,0.2,202603210800
2026-03-21T09:00:00.000Z,0.387,0.067,0.2,202603210900
2026-03-21T10:00:00.000Z,0.319,-0.001,0.2,202603211000
2026-03-21T11:00:00.000Z,0.279,-0.041,0.2,202603211100
2026-03-21T12:00:00.000Z,0.291,-0.029,0.2,202603211200
2026-03-21T13:00:00.000Z,0.365,0.045,0.2,202603211300
2026-03-21T14:00:00.000Z,0.479,0.159,0.2,202603211400
2026-03-21T15:00:00.000Z,0.581,0.261,0.2,202603211500
2026-03-21T16:00:00.000Z,0.643,0.323,0.2,202603211600
2026-03-21T17:00:00.000Z,0.66,0.34,0.2,202603211700
2026-03-21T18:00:00.000Z,0.633,0.313,0.2,202603211800
2026-03-21T19:00:00.000Z,0.567,0.247,0.2,202603211900
2026-03-21T20:00:00.000Z,0.48,0.16,0.2,202603212000
2026-03-21T21:00:00.000Z,0.393,0.073,0.2,202603212100
2026-03-21T22:00:00.000Z,0.323,0.003,0.2,202603212200
2026-03-21T23:00:00.000Z,0.383,-0.037,0.3,202603212300
2026-03-22T00:00:00.000Z,0.389,-0.031,0.3,202603220000
2026-03-22T01:00:00.000Z,0.458,0.038,0.3,202603220100
2026-03-22T02:00:00.000Z,0.577,0.157,0.3,202603220200
2026-03-22T03:00:00.000Z,0.695,0.275,0.3,202603220300
2026-03-22T04:00:00.000Z,0.773,0.353,0.3,202603220400
2026-03-22T05:00:00.000Z,0.804,0.384,0.3,202603220500
2026-03-22T06:00:00.000Z,0.79,0.37,0.3,202603220600
2026-03-22T07:00:00.000Z,0.735,0.315,0.3,202603220700
2026-03-22T08:00:00.000Z,0.752,0.232,0.4,202603220800
2026-03-22T09:00:00.000Z,0.66,0.14,0.4,202603220900
2026-03-22T10:00:00.000Z,0.576,0.056,0.4,202603221000
2026-03-22T11:00:00.000Z,0.515,-0.005,0.4,202603221100
2026-03-22T12:00:00.000Z,0.486,-0.034,0.4,202603221200
2026-03-22T13:00:00.000Z,0.51,-0.01,0.4,202603221300
2026-03-22T14:00:00.000Z,0.59,0.07,0.4,202603221400
2026-03-22T15:00:00.000Z,0.696,0.176,0.4,202603221500
2026-03-22T16:00:00.000Z,0.783,0.263,0.4,202603221600
2026-03-22T17:00:00.000Z,0.832,0.312,0.4,202603221700
2026-03-22T18:00:00.000Z,0.841,0.321,0.4,202603221800
2026-03-22T19:00:00.000Z,0.81,0.29,0.4,202603221900
2026-03-22T20:00:00.000Z,0.743,0.223,0.4,202603222000
2026-03-22T21:00:00.000Z,0.659,0.139,0.4,202603222100
2026-03-22T22:00:00.000Z,0.579,0.059,0.4,202603222200
2026-03-22T23:00:00.000Z,0.62,0,0.5,202603222300
2026-03-23T00:00:00.000Z,0.492,-0.028,0.4,202603230000
2026-03-23T01:00:00.000Z,0.514,-0.006,0.4,202603230100
2026-03-23T02:00:00.000Z,0.592,0.072,0.4,202603230200
2026-03-23T03:00:00.000Z,0.707,0.187,0.4,202603230300
2026-03-23T04:00:00.000Z,0.81,0.29,0.4,202603230400
2026-03-23T05:00:00.000Z,0.874,0.354,0.4,202603230500
2026-03-23T06:00:00.000Z,0.896,0.376,0.4,202603230600
2026-03-23T07:00:00.000Z,0.978,0.358,0.5,202603230700
2026-03-23T08:00:00.000Z,0.921,0.301,0.5,202603230800
2026-03-23T09:00:00.000Z,0.838,0.218,0.5,202603230900
2026-03-23T10:00:00.000Z,0.751,0.131,0.5,202603231000
2026-03-23T11:00:00.000Z,0.675,0.055,0.5,202603231100
2026-03-23T12:00:00.000Z,0.622,0.002,0.5,202603231200
2026-03-23T13:00:00.000Z,0.604,-0.016,0.5,202603231300
2026-03-23T14:00:00.000Z,0.632,0.012,0.5,202603231400
2026-03-23T15:00:00.000Z,0.808,0.088,0.6,202603231500
2026-03-23T16:00:00.000Z,0.901,0.181,0.6,202603231600
2026-03-23T17:00:00.000Z,0.974,0.254,0.6,202603231700
2026-03-23T18:00:00.000Z,1.016,0.296,0.6,202603231800
2026-03-23T19:00:00.000Z,1.123,0.303,0.7,202603231900
2026-03-23T20:00:00.000Z,1.091,0.271,0.7,202603232000
2026-03-23T21:00:00.000Z,1.026,0.206,0.7,202603232100
2026-03-23T22:00:00.000Z,0.947,0.127,0.7,202603232200
2026-03-23T23:00:00.000Z,0.876,0.056,0.7,202603232300
2026-03-24T00:00:00.000Z,0.927,0.007,0.8,202603240000
2026-03-24T01:00:00.000Z,0.912,-0.008,0.8,202603240100
2026-03-24T02:00:00.000Z,0.94,0.02,0.8,202603240200
2026-03-24T03:00:00.000Z,1.017,0.097,0.8,202603240300
2026-03-24T04:00:00.000Z,1.119,0.199,0.8,202603240400
2026-03-24T05:00:00.000Z,1.208,0.288,0.8,202603240500
2026-03-24T06:00:00.000Z,1.263,0.343,0.8,202603240600
